recording_id,source_file,signal_id,class,label,window_id,start_sample,end_sample,RMS,Variance,Std,Kurtosis,Crest_Factor,Peak_to_Peak,Maximum,Minimum,Dominant_Frequency,Spectral_Centroid,Spectral_RMS,Total_Spectral_Energy,Low_Frequency_Energy,Mid_Frequency_Energy,High_Frequency_Energy
IR007_0_X105,IR007_0.mat,X105,Inner Race,2,0,0,12000,0.28890600468357347,0.08346667954222499,0.28890600468357347,5.63370351657837,5.432282239583443,2.7946964071856284,1.5694189581570193,-1.2252774490286094,3587.0,2771.3470148597403,31.645430258525142,6009600.970739318,318002.0577829231,3301918.0706173107,2389680.8423390845
IR007_0_X105,IR007_0.mat,X105,Inner Race,2,1,6000,18000,0.28937668095303126,0.08373886347939245,0.28937668095303126,5.509144989702378,5.425487898343285,2.796970499001996,1.5700096805788422,-1.2269608184231537,3587.0,2763.711949164478,31.696986183041535,6029198.297460644,319615.07815172966,3289133.818144636,2420449.401164278
IR007_0_X105,IR007_0.mat,X105,Inner Race,2,2,12000,24000,0.2891423143296357,0.08360327793589788,0.2891423143296357,5.1307995177376915,5.177038351436152,2.723549820359281,1.496900850312708,-1.2266489700465735,3587.0,2750.3184325471293,31.671314828211894,6019436.169869236,325638.3431065089,3291019.6211139807,2402778.205648747
IR007_0_X105,IR007_0.mat,X105,Inner Race,2,3,18000,30000,0.29180356706203875,0.08514932175012975,0.29180356706203875,5.037656387617785,5.106766771786618,2.7399557684630738,1.4901727601663342,-1.2497830082967398,3587.0,2741.8768002739234,31.96281590475197,6130751.2249669535,324089.0946765429,3333013.9583115317,2473648.171978879
IR007_0_X105,IR007_0.mat,X105,Inner Race,2,4,24000,36000,0.29361131306374133,0.08620760315901432,0.29361131306374133,5.172307720061163,5.532211443941951,2.8744520558882236,1.6243198662075848,-1.2501321896806388,3587.0,2755.6099840908973,32.16082841953749,6206947.626670213,319514.60604689666,3388730.6826150967,2498702.338008221
IR007_0_X105,IR007_0.mat,X105,Inner Race,2,5,30000,42000,0.2926432625827598,0.08564007913508209,0.2926432625827598,5.4416607972523305,5.5504078563944415,2.8140261876247505,1.6242894637658019,-1.1897367238589487,3587.0,2770.5500124492933,32.05479214708767,6166085.707257552,318181.4687081946,3375306.384155994,2472597.8543933635
IR007_0_X105,IR007_0.mat,X105,Inner Race,2,6,36000,48000,0.29133163196676204,0.08487411978441689,0.29133163196676204,5.588959763990422,5.795043837143943,2.997253013972056,1.6882795783998668,-1.3089734355721891,3587.0,2766.0999036919857,31.91112224574627,6110936.657620758,314035.2728057946,3377758.459651597,2419142.9251633664
IR007_0_X105,IR007_0.mat,X105,Inner Race,2,7,42000,54000,0.2921047952766538,0.08532521142361581,0.2921047952766538,5.487816003949943,5.780550824421382,2.997253013972056,1.6885266151596805,-1.3087263988123754,3587.0,2755.4286053957458,31.99581090106779,6143415.223216549,310379.6601638651,3380719.4692601888,2452316.093792496
IR007_0_X105,IR007_0.mat,X105,Inner Race,2,8,48000,60000,0.2906052952755096,0.08445143764216612,0.2906052952755096,5.464793083266317,5.677312788484988,2.92643129740519,1.649857159274784,-1.2765741381304059,3587.0,2765.2129446982635,31.831562595597752,6080503.512042025,315499.31651080295,3315485.7932158117,2449518.40231541
IR007_0_X105,IR007_0.mat,X105,Inner Race,2,9,54000,66000,0.2888568143160101,0.08343825917679396,0.2888568143160101,5.445027204407401,5.460344903390847,2.853335489021956,1.5772578338656023,-1.276077655156354,3587.0,2781.2960742038968,31.64004206114169,6007554.662046522,319695.05456821324,3241902.147989765,2445957.459488543
IR007_0_X105,IR007_0.mat,X105,Inner Race,2,10,60000,72000,0.29046544163492594,0.08437017278417258,0.29046544163492594,5.267016715247314,5.1158343872909375,2.7025956886227545,1.4859730946407186,-1.2166225939820359,3587.0,2776.161222154731,31.816243681892228,6074652.4455153085,315860.16713189316,3231424.831324637,2527367.4470587787
IR007_0_X105,IR007_0.mat,X105,Inner Race,2,11,66000,78000,0.2928745486922564,0.08577550127169287,0.2928745486922564,5.05689773138362,5.125646545493151,2.700321596806387,1.501171418772455,-1.1991501780339322,3587.0,2759.237032621156,32.0801261396292,6175836.093300259,312686.75765045296,3346246.915517019,2516902.4201327865
IR007_0_X105,IR007_0.mat,X105,Inner Race,2,12,72000,84000,0.293565749521341,0.08618084929202674,0.293565749521341,5.052936980465346,5.113588488443109,2.676768502994012,1.501174437358616,-1.175594065635396,3587.0,2750.4588075040547,32.15583709371846,6205021.153045757,308028.118369749,3447887.7148577347,2449105.319818274
IR007_0_X105,IR007_0.mat,X105,Inner Race,2,13,78000,90000,0.2920946176056557,0.08531926563419422,0.2920946176056557,5.318302071938415,5.910770537209901,2.9608675449101796,1.7265042598270126,-1.2343632850831672,3587.0,2767.8009405819635,31.99469609808667,6142987.1310319435,304919.3804808259,3444222.3356662,2393845.414884918
IR007_0_X105,IR007_0.mat,X105,Inner Race,2,14,84000,96000,0.2913623994487084,0.08489204781250871,0.2913623994487084,5.572688320263356,5.926016258864045,2.9608675449101796,1.7266183163606121,-1.2342492285495676,3587.0,2778.07641092712,31.914492323132837,6112227.456280071,310170.2244757217,3365232.6517568654,2436824.580047484
IR007_0_X105,IR007_0.mat,X105,Inner Race,2,15,90000,102000,0.29035980365467023,0.08430881557837866,0.29035980365467023,5.548123610384643,5.799529880241183,2.8547974051896206,1.6839503573220225,-1.170847047867598,3587.0,2781.1260346100285,31.804672794727203,6070234.806689544,322300.3148326469,3223004.207602558,2524930.2842543386
IR007_0_X105,IR007_0.mat,X105,Inner Race,2,16,96000,108000,0.2892664046698352,0.08367505287061287,0.2892664046698352,5.5569435160159335,5.309145549587448,2.918309540918164,1.5357574450033267,-1.3825520959148372,3587.0,2781.909258740181,31.684906933927223,6024603.897797189,325750.12282087863,3179259.4258487783,2519594.3491275306
IR007_0_X105,IR007_0.mat,X105,Inner Race,2,17,102000,114000,0.2905338302712141,0.08440990653206264,0.2905338302712141,5.712028293054956,5.493443259447068,2.9785729740518967,1.596031111550233,-1.3825418625016634,3587.0,2767.8814748547748,31.82373474732366,6077513.309701359,318452.5776880396,3236377.531127013,2522683.2008863064
IR007_0_X105,IR007_0.mat,X105,Inner Race,2,18,108000,120000,0.29247005967760265,0.08553873580782044,0.29247005967760265,5.544549308913094,5.457903294726414,2.861294810379242,1.5962733023286761,-1.2650215080505656,3587.0,2760.192796771155,32.03582027574706,6158788.978220537,312016.5417115977,3292862.571307862,2553909.865201078
IR007_2_X107,IR007_2.mat,X107,Inner Race,2,0,0,12000,0.29777826894617254,0.08867189745657905,0.29777826894617254,5.5382102792041294,5.117374509491233,2.7677321756487028,1.5238429229906854,-1.2438892526580174,2862.0,2740.3873394320935,32.617257067225324,6384376.636995353,311978.56709521584,3303172.7639846783,2769225.3059154586
IR007_2_X107,IR007_2.mat,X107,Inner Race,2,1,6000,18000,0.29636579262728274,0.08783268303959757,0.29636579262728274,5.5992552524468575,5.1735280547974725,2.8928072255489017,1.5332567426447106,-1.3595504829041913,2862.0,2736.605934999527,32.462540890672706,6323953.183032664,310721.84053056804,3307118.4134257585,2706112.9290763377
IR007_2_X107,IR007_2.mat,X107,Inner Race,2,2,12000,24000,0.2958764971915507,0.08754290159034171,0.2958764971915507,5.591992081293281,5.181323053339074,2.8928072255489017,1.5330317158449767,-1.3597755097039252,2862.0,2722.9622677125794,32.40894583576835,6303088.960884787,336639.8910971245,3306672.9135946413,2659776.1561930203
IR007_2_X107,IR007_2.mat,X107,Inner Race,2,3,18000,30000,0.2992081748060966,0.08952553187079566,0.2992081748060966,5.5386665792740395,5.464550706381833,3.029252734530938,1.6350382429973387,-1.3942144915335994,2862.0,2750.877963872271,32.7738823051277,6445838.295463526,351324.5906784611,3267740.8332397426,2826772.871545322
IR007_2_X107,IR007_2.mat,X107,Inner Race,2,4,24000,36000,0.3009091603866011,0.09054632280456922,0.3009091603866011,5.515189819180508,5.4330852278331685,3.029252734530938,1.634865114221557,-1.3943876203093812,2862.0,2757.934829004995,32.96020045356289,6519335.258448223,353103.6487516294,3279421.8632863937,2886809.746410199
IR007_2_X107,IR007_2.mat,X107,Inner Race,2,5,30000,42000,0.29642908480004304,0.0878702023153911,0.29642908480004304,5.472457198575272,5.216321177241972,2.789498483033932,1.546269312598137,-1.2432291704357952,2862.0,2726.600244523117,32.469473657388086,6326654.584246501,338314.9468133007,3350688.9925834797,2637650.6448497195
IR007_2_X107,IR007_2.mat,X107,Inner Race,2,6,36000,48000,0.29573391030887913,0.08745854570658015,0.29573391030887913,5.645805942579596,5.356379954293571,2.8874468662674655,1.5840631889886894,-1.303383677278776,2862.0,2721.7818297651834,32.39332740803435,6297015.291045221,319952.10458094673,3364839.5387329212,2612223.647731352
IR007_2_X107,IR007_2.mat,X107,Inner Race,2,7,42000,54000,0.2986646658729402,0.08920058264099502,0.2986646658729402,5.636054740372664,5.304254759642895,2.9119745708582836,1.5841934754990021,-1.3277810953592815,2862.0,2749.142699523002,32.71434884383174,6422441.950275769,309680.9705578713,3340852.777338976,2771908.2023789226
IR007_2_X107,IR007_2.mat,X107,Inner Race,2,8,48000,60000,0.3039256385183339,0.09237079374877695,0.3039256385183339,5.633667260182751,5.12641404358257,2.909862914171657,1.5580486615103128,-1.351814252661344,2862.0,2769.4029337813236,33.29061152176645,6650697.157774509,320298.89460956154,3348355.1081341216,2982043.1550308256
IR007_2_X107,IR007_2.mat,X107,Inner Race,2,9,54000,66000,0.3031468644964645,0.09189802145403782,0.3031468644964645,5.585120584701693,5.139987866483355,2.909862914171657,1.5581712052794412,-1.3516917088922156,2862.0,2777.703892342779,33.20530886601813,6616657.81386286,347810.4142777001,3344695.3157906374,2924152.0837945235
IR007_2_X107,IR007_2.mat,X107,Inner Race,2,10,60000,72000,0.2991430813233941,0.08948658310365479,0.2991430813233941,5.468561012080213,4.913087793541409,2.78884874251497,1.4697162213772457,-1.3191325211377245,2862.0,2744.5671749352427,32.766752266190416,6443033.984497441,361028.1015629672,3352893.938201165,2729111.9447333086
IR007_2_X107,IR007_2.mat,X107,Inner Race,2,11,66000,78000,0.3000277868189473,0.09001667286347569,0.3000277868189473,5.506322330556831,4.740237923353431,2.738168982035928,1.4222030931437126,-1.3159658888922154,3491.0,2755.422140916934,32.863659666938354,6481200.7803528095,354615.34059050155,3384984.268748861,2741601.171013447
IR007_2_X107,IR007_2.mat,X107,Inner Race,2,12,72000,84000,0.299597464640281,0.0897586408188844,0.299597464640281,5.544916349276335,4.9042922740138035,2.785275169660679,1.469313531154358,-1.3159616385063206,2862.0,2754.1264644703865,32.81652336472808,6462622.15869221,330992.5388457393,3372265.6074263267,2759364.012420144
IR007_2_X107,IR007_2.mat,X107,Inner Race,2,13,78000,90000,0.2984894148082269,0.08909593075255774,0.2984894148082269,5.555815535850364,4.922474772059033,2.7610723353293416,1.4693066141250832,-1.2917657212042581,2862.0,2745.4691656256937,32.69515276741836,6414907.059923431,312399.0522925199,3336753.606210365,2765754.4014205453
IR007_2_X107,IR007_2.mat,X107,Inner Race,2,14,84000,96000,0.2992312677708066,0.08953935161172417,0.2992312677708066,5.537516383037845,5.022488982473498,2.7955085828343313,1.5028857455954758,-1.2926228372388555,2862.0,2745.082882115454,32.77641183214362,6446833.328714299,313650.81544125854,3326229.3185271444,2806953.194745896
IR007_2_X107,IR007_2.mat,X107,Inner Race,2,15,90000,102000,0.3013164713992192,0.09079161593647649,0.3013164713992192,5.633588825795607,4.987920926689838,2.8424523353293414,1.502942733253493,-1.3395096020758483,2862.0,2748.2420293094933,33.00481556607174,6536996.421153018,330277.7431187813,3356275.4838599786,2850443.1941742585
IR007_2_X107,IR007_2.mat,X107,Inner Race,2,16,96000,108000,0.3017891008387706,0.09107666138507363,0.3017891008387706,5.699637719954979,4.873484874771038,2.8099653093812376,1.4707646183133734,-1.3392006910678642,2862.0,2739.2893449888056,33.05658502710246,6557519.619737979,355359.2650529735,3378807.980180537,2823352.374504468
IR007_2_X107,IR007_2.mat,X107,Inner Race,2,17,102000,114000,0.3014620058457224,0.09087934096852637,0.3014620058457224,5.526633069380904,4.9389650169008785,2.7778031536926147,1.48891030080173,-1.288892852890885,2862.0,2744.7728565908715,33.02075657808913,6543312.560301488,358797.5700900877,3362843.8459410192,2821671.1442703814
IR007_2_X107,IR007_2.mat,X107,Inner Race,2,18,108000,120000,0.30160230986953196,0.09096395331863717,0.30160230986953196,5.482631346101146,4.975575671353488,2.9304921756487023,1.500645115415835,-1.4298470602328675,2862.0,2740.828209875306,33.03612480692788,6549404.639095754,333868.21208276827,3370143.557111974,2845392.8699010117
NORMAL_0_X097,NORMAL_0.mat,X097,Healthy,0,0,0,12000,0.0731644452161996,0.005353036043794271,0.0731644452161996,2.8700452028917125,3.8883787957396665,0.5202867692307692,0.23579569184615384,-0.2844910773846154,1036.0,1118.048793102718,8.014095597712373,385418.5952238863,124569.59875597719,260232.03640519013,616.9600627190065
NORMAL_0_X097,NORMAL_0.mat,X097,Healthy,0,1,6000,18000,0.07187082860191521,0.005165416003925873,0.07187082860191521,2.802403169970698,3.626657212527315,0.4967132307692308,0.23606237184615386,-0.26065085892307693,1036.0,1120.9837402173248,7.872398811685223,371909.95296438766,113666.94397289002,257607.68090688367,635.3280846139594
NORMAL_0_X097,NORMAL_0.mat,X097,Healthy,0,2,12000,24000,0.07235830216147339,0.005235723891691085,0.07235830216147339,2.731390538922602,3.4575159436834357,0.4864910769230769,0.23631109353846153,-0.2501799833846154,1036.0,1131.2055684227562,7.925794430527356,376972.12234722567,124218.26174443393,252082.84197597226,671.0186268194539
NORMAL_0_X097,NORMAL_0.mat,X097,Healthy,0,3,18000,30000,0.07312289142744167,0.005346957250709424,0.07312289142744167,2.749298672392733,4.074006966319872,0.5348898461538462,0.23698667707692309,-0.29790316907692305,1036.0,1125.1226525200827,8.009543986822822,384980.9220559745,130314.0767677867,253985.4970861763,681.3482020114948
NORMAL_0_X097,NORMAL_0.mat,X097,Healthy,0,4,24000,36000,0.07244604090068475,0.005248428842183688,0.07244604090068475,2.729982338433511,4.100576261187422,0.5182006153846154,0.22113009984615384,-0.29707051553846153,1036.0,1126.5325877862924,7.935404906608264,377886.87684196694,119916.61981512437,257275.7011888628,694.5558379798006
NORMAL_0_X097,NORMAL_0.mat,X097,Healthy,0,5,30000,42000,0.07158239496864532,0.005124039269447139,0.07158239496864532,2.7341951085082057,3.5192135412503625,0.49274953846153846,0.24083580476923078,-0.2519137336923077,1036.0,1137.0288063693545,7.840805131222,368930.82885988924,117017.90596581918,251212.68880409087,700.2340899791277
NORMAL_0_X097,NORMAL_0.mat,X097,Healthy,0,6,36000,48000,0.07214179492557456,0.005204438575083654,0.07214179492557456,2.8301107579590066,3.5100867708896017,0.4937926153846153,0.24056865538461533,-0.25322395999999997,1036.0,1144.0365780825348,7.9020792058258,374719.5775066421,124914.96398728187,249104.67319786205,699.940321498192
NORMAL_0_X097,NORMAL_0.mat,X097,Healthy,0,7,42000,54000,0.07263504321832887,0.005275849503328503,0.07263504321832887,2.8831825516282104,4.105679342146799,0.5330123076923077,0.29821619646153846,-0.2347961112307692,1036.0,1138.043580568811,7.956107346134014,379861.16426334897,124685.30464390207,254478.19515501405,697.6644644328868
NORMAL_0_X097,NORMAL_0.mat,X097,Healthy,0,8,48000,60000,0.07198991272795546,0.0051825475345786435,0.07198991272795546,2.8769320922813275,4.141741484290951,0.5346812307692308,0.298163608,-0.23651762276923077,1036.0,1124.8073666660148,7.885442730877892,373143.42257879185,118915.43282037583,253551.67767904192,676.3120793741687
NORMAL_0_X097,NORMAL_0.mat,X097,Healthy,0,9,54000,66000,0.07117413697417113,0.005065757774018074,0.07117413697417113,2.848633786691676,3.8982600889878145,0.5359329230769231,0.25847762553846154,-0.27745529753846154,1036.0,1145.443928541183,7.79608642177589,364734.55993828614,109634.05903764293,254430.89037976885,669.610520874301
NORMAL_0_X097,NORMAL_0.mat,X097,Healthy,0,10,60000,72000,0.07152149082078334,0.005115323649227395,0.07152149082078334,2.8264063876968324,3.8691440644302784,0.5015113846153846,0.2247844329230769,-0.27672695169230765,1036.0,1154.645370918325,7.834133968522166,368303.30387555395,109883.54237837411,257761.15965014175,658.6018470380368
NORMAL_0_X097,NORMAL_0.mat,X097,Healthy,0,11,66000,78000,0.07133641857892659,0.0050888846156678215,0.07133641857892659,2.795402474187274,3.3969382029875224,0.46729846153846155,0.22497305599999998,-0.24232540553846155,1036.0,1151.6694013567355,7.813862001590817,366399.69271880895,109713.0594516758,256029.17177760781,657.4614895253605
NORMAL_0_X097,NORMAL_0.mat,X097,Healthy,0,12,72000,84000,0.07046874762681311,0.004965844392091478,0.07046874762681311,2.76535975377209,3.665989365229655,0.49212369230769226,0.2337860129230769,-0.2583376793846154,1036.0,1142.0181011479986,7.718821327098697,357540.7962807218,108261.57124710227,248602.60945191013,676.6155817093495
NORMAL_0_X097,NORMAL_0.mat,X097,Healthy,0,13,78000,90000,0.07133981339368334,0.00508936897504556,0.07133981339368334,2.6926727981336294,3.6329818001966205,0.49212369230769226,0.2329474486153846,-0.2591762436923077,1036.0,1133.0044779474106,7.814233864496359,366434.56758513924,121183.90351503456,244581.66284712063,669.0012229840981
NORMAL_0_X097,NORMAL_0.mat,X097,Healthy,0,14,84000,96000,0.07303995291309168,0.00533483472154665,0.07303995291309168,2.641163445340255,3.419619600647311,0.48857723076923076,0.2497688546153846,-0.23880837615384617,1036.0,1116.7665982174517,8.000459284841565,384108.0999592141,132842.86598537152,250599.37988843137,665.8540854112407
NORMAL_0_X097,NORMAL_0.mat,X097,Healthy,0,15,90000,102000,0.07229828337834589,0.005227041779455606,0.07229828337834589,2.6803389918930254,3.473572629518833,0.48044123076923073,0.25113333830769224,-0.22930789246153846,1036.0,1123.5858245933646,7.919220229500335,376347.00830900745,124795.32913578754,250857.1193260051,694.5598472147464
NORMAL_0_X097,NORMAL_0.mat,X097,Healthy,0,16,96000,108000,0.07004438875929701,0.004906216396663534,0.07004438875929701,2.684881576675185,3.583346107924399,0.48044123076923073,0.2509932878461538,-0.2294479429230769,1036.0,1141.8078146459818,7.672339030686919,353247.5819970131,107934.78171577616,244617.0394395546,695.7608416823709
NORMAL_0_X097,NORMAL_0.mat,X097,Healthy,0,17,102000,114000,0.06978355113473858,0.004869744008974674,0.06978355113473858,2.696564777789659,3.230346334437781,0.45040061538461534,0.2254250386153846,-0.22497557676923075,1036.0,1125.9107226099684,7.643768071281262,350621.56915556075,110484.4580677942,239471.62714138988,665.4839463766294
NORMAL_0_X097,NORMAL_0.mat,X097,Healthy,0,18,108000,120000,0.07152496168258642,0.005115820143695456,0.07152496168258642,2.8258270701123784,3.45453966795087,0.4839876923076923,0.23690187492307693,-0.24708581738461535,1036.0,1115.047972963833,7.834514153956655,368339.0517833115,125193.09170018378,242467.0546071133,678.9054760144134
NORMAL_0_X097,NORMAL_0.mat,X097,Healthy,0,19,114000,126000,0.07194952336125605,0.005176733911911932,0.07194952336125605,2.8594226199245334,3.447108161954505,0.4839876923076923,0.2359699030769231,-0.2480177892307692,1036.0,1110.4562036606162,7.8810186664766935,372724.8417833458,123646.42575688085,248404.20581501216,674.2102114527353
NORMAL_0_X097,NORMAL_0.mat,X097,Healthy,0,20,120000,132000,0.07198153518465254,0.005181341407539373,0.07198153518465254,2.714212025588571,3.366018687854804,0.47439138461538455,0.23210019199999998,-0.2422911926153846,1036.0,1104.2275530714871,7.884525095715855,373056.5816458236,123692.92005820088,248716.8505332687,646.8110543539852
NORMAL_0_X097,NORMAL_0.mat,X097,Healthy,0,21,126000,138000,0.07327653756134955,0.005369450956979872,0.07327653756134955,2.5836180021455784,3.1682538718292275,0.45728492307692303,0.23215867384615382,-0.2251262492307692,1036.0,1095.7685856275766,8.026373675169369,386600.4689150845,135102.87140914585,250855.64861973288,641.9488862058097
NORMAL_0_X097,NORMAL_0.mat,X097,Healthy,0,22,132000,144000,0.07379730291479568,0.005446041917498112,0.07379730291479568,2.598279010637877,3.581586389327706,0.5069353846153846,0.2426239689230769,-0.26431141569230765,1036.0,1109.2088514819184,8.08341593298895,392115.02048734354,135938.269041246,255516.1704683734,660.5809777241891
NORMAL_0_X097,NORMAL_0.mat,X097,Healthy,0,23,138000,150000,0.07461657674030975,0.005567633524442534,0.07461657674030975,2.6576528264132437,3.5459164316229024,0.5161144615384615,0.251530316,-0.26458414553846155,1036.0,1092.0742424305045,8.173155382341097,400869.61389225133,138005.37832179654,262234.78562574816,629.4499447067132
NORMAL_0_X097,NORMAL_0.mat,X097,Healthy,0,24,144000,156000,0.07478847769864999,0.0055933163964814675,0.07478847769864999,2.6923689942118165,3.3653520812083726,0.500676923076923,0.2516895590769231,-0.24898736399999996,1036.0,1089.0345139474027,8.19198461974002,402718.7806723524,142537.3908393604,259533.220551575,648.1692814169651
NORMAL_0_X097,NORMAL_0.mat,X097,Healthy,0,25,150000,162000,0.07381436435102996,0.005448560384546603,0.07381436435102996,2.79902723255458,3.2586513347989285,0.4733483076923076,0.23281303076923074,-0.2405352769230769,1036.0,1101.7657269263304,8.085284750798492,392296.3488384693,142530.54153090584,249129.72516337896,636.082144184561
NORMAL_0_X097,NORMAL_0.mat,X097,Healthy,0,26,156000,168000,0.07399972887500882,0.005475959873574813,0.07399972887500882,2.8598556773664345,3.3316962192682875,0.4892030769230769,0.24654461692307691,-0.24265846,1036.0,1096.2694910493744,8.105588713238594,394269.11089747347,140062.23143573344,253608.40324574758,598.4762159924938
NORMAL_0_X097,NORMAL_0.mat,X097,Healthy,0,27,162000,174000,0.07408403916781954,0.005488444859419019,0.07408403916781954,2.7977430865244766,3.3264422237890074,0.4892030769230769,0.246436276,-0.2427668009230769,1036.0,1098.1212138134583,8.114823674445343,395168.0299672991,128439.1973655713,266115.16056420194,613.6720375257332
NORMAL_0_X097,NORMAL_0.mat,X097,Healthy,0,28,168000,180000,0.07327873422617873,0.005369772889790937,0.07327873422617873,2.813435278448142,3.7135116980268776,0.5031803076923077,0.2310588709230769,-0.2721214367692308,1036.0,1114.8685472528505,8.0266142920554,386623.6484975616,122367.4385738375,263658.09414789174,598.1157758323359
NORMAL_0_X097,NORMAL_0.mat,X097,Healthy,0,29,174000,186000,0.07282810345294069,0.005303932652552232,0.07282810345294069,2.8593233731777503,3.8976110055918567,0.513611076923077,0.2297554593846154,-0.28385561753846156,1036.0,1109.9426160644264,7.977254272838916,381883.15098689403,124242.87131556275,257038.2853639606,601.9943073706982
NORMAL_0_X097,NORMAL_0.mat,X097,Healthy,0,30,180000,192000,0.07373882558179179,0.005437414398181911,0.07373882558179179,2.821350224046431,3.836250901992412,0.5317606153846154,0.24887997923076924,-0.2828806361538462,1036.0,1116.3199197226877,8.077010571034654,391493.83668739785,132425.04236157428,258468.4995722833,600.2947535403268
NORMAL_0_X097,NORMAL_0.mat,X097,Healthy,0,31,186000,198000,0.07404173107353805,0.005482177940366129,0.07404173107353805,2.7479682775622454,3.3394715524204437,0.48982892307692305,0.24726025461538462,-0.24256866846153846,1036.0,1107.914709776328,8.110189441871679,394716.81187106407,133080.53573402192,261035.79785051235,600.4782865298182
NORMAL_0_X097,NORMAL_0.mat,X097,Healthy,0,32,192000,204000,0.07435355187713007,0.005528450676745071,0.07435355187713007,2.6773927876625376,3.316995441181164,0.4906633846153846,0.2466303926153846,-0.24403299199999998,1036.0,1099.1447000696699,8.144344851727007,398048.4487361772,131501.6579362573,265954.33413231425,592.4566676055531
NORMAL_0_X097,NORMAL_0.mat,X097,Healthy,0,33,198000,210000,0.07541181661996961,0.005686942085923924,0.07541181661996961,2.6631475982248114,3.256477741969754,0.48190153846153844,0.2455769023076923,-0.23632463615384613,1036.0,1095.7219299620097,8.260262288593784,409459.8303912641,141105.2099350674,267726.1189160625,628.5015401340872
NORMAL_0_X097,NORMAL_0.mat,X097,Healthy,0,34,204000,216000,0.07416682772990062,0.005500718335516754,0.07416682772990062,2.7239351638490534,3.18688185914789,0.47084492307692305,0.23448400523076923,-0.23636091784615385,1036.0,1103.2877135362762,8.1238919518913,396051.7202964714,134682.7369944316,260715.06371772202,653.9195843176869
NORMAL_0_X097,NORMAL_0.mat,X097,Healthy,0,35,210000,222000,0.07268438371087106,0.005283019635429139,0.07268438371087106,2.7837959893678126,3.3922971221676264,0.4816929230769231,0.2465670256923077,-0.23512589738461537,1036.0,1113.7536344800837,7.961511878385505,380377.4140094306,117559.72586681596,262209.8367052864,607.8514373281844
NORMAL_0_X097,NORMAL_0.mat,X097,Healthy,0,36,216000,228000,0.07247051661055699,0.005251975777801017,0.07247051661055699,2.8197172448833605,3.406999298131049,0.4919150769230769,0.24690699923076923,-0.2450080776923077,1036.0,1129.1890045104255,7.93808586741502,378142.2566379628,113626.11506699122,263888.01644012466,628.1251308469167
NORMAL_0_X097,NORMAL_0.mat,X097,Healthy,0,37,222000,234000,0.07208733355871479,0.005196583659605408,0.07208733355871479,2.8491246588179675,3.4105121344583487,0.4796067692307692,0.2337520433846154,-0.24585472584615384,1036.0,1143.1279878167807,7.896113787136568,374154.0262493886,114268.1151959807,259240.21840995335,645.692643454546
NORMAL_0_X097,NORMAL_0.mat,X097,Healthy,0,38,228000,240000,0.07172034639547445,0.005143808087086845,0.07172034639547445,2.799814669161259,3.5691982210199438,0.48690830769230764,0.2309241749230769,-0.25598413276923077,1036.0,1144.7558004239816,7.855915678231192,370354.1822720153,108187.77690076706,261497.27892558544,669.1264456628634
NORMAL_2_X099,NORMAL_2.mat,X099,Healthy,0,0,0,12000,0.06298143720909079,0.0039666614329226454,0.06298143720909079,2.9256533477242432,3.9780618400981513,0.46145723076923073,0.21091317876923077,-0.25054405199999996,2102.0,1121.7692337714557,6.898695935353687,285599.6256564014,142565.5174958568,142470.9041649124,563.2039956321992
NORMAL_2_X099,NORMAL_2.mat,X099,Healthy,0,1,6000,18000,0.06273985481889854,0.003936289382696467,0.06273985481889854,2.8958386905553644,3.992227388607078,0.4614572307692308,0.210985464,-0.2504717667692308,2102.0,1114.2324959324158,6.872234088545353,283412.8358079564,144622.618438179,138216.84632965375,573.3710401236807
NORMAL_2_X099,NORMAL_2.mat,X099,Healthy,0,2,12000,24000,0.06351736715547543,0.00403445593036347,0.06351736715547543,2.8943440530324693,3.78684667975183,0.4297476923076923,0.18921716138461536,-0.24053053092307694,2102.0,1117.5684146883439,6.957399219532427,290480.8288036025,146899.4315851291,142985.96348727713,595.4337311962721
NORMAL_2_X099,NORMAL_2.mat,X099,Healthy,0,3,18000,30000,0.06423751204445435,0.004126457953661419,0.06423751204445435,2.9337257713514675,3.764837311611911,0.4662553846153846,0.22441160246153846,-0.24184378215384614,2102.0,1108.3385676004232,7.036280548504106,297104.9729875007,150470.36350280698,146067.0064563532,567.6030283405294
NORMAL_2_X099,NORMAL_2.mat,X099,Healthy,0,4,24000,36000,0.06324333188866735,0.003999719028380128,0.06324333188866735,2.969569643763261,3.8378337540721637,0.4662553846153846,0.22353799076923075,-0.24271739384615384,2102.0,1109.8905731401753,6.927382657847515,287979.7715599672,145158.8512745915,142276.80887341892,544.1114119568547
NORMAL_2_X099,NORMAL_2.mat,X099,Healthy,0,5,30000,42000,0.06331618022957156,0.004008938678863589,0.06331618022957156,2.8941850486811087,3.8528243521414485,0.46542092307692307,0.221474802,-0.24394612107692307,2102.0,1097.0966886378626,6.9353621113306865,288643.5849393027,149106.93057437346,139016.2593639963,520.3950009329665
NORMAL_2_X099,NORMAL_2.mat,X099,Healthy,0,6,36000,48000,0.06327040948743796,0.004003144716708079,0.06327040948743796,2.8630833996070097,4.590553696462519,0.5121507692307692,0.22170455707692308,-0.29044621215384614,2102.0,1117.1904511721432,6.930348618172044,288226.42154836433,148956.29389182874,138698.14976565057,571.9778908850175
NORMAL_2_X099,NORMAL_2.mat,X099,Healthy,0,7,42000,54000,0.06293229594341854,0.003960473872710013,0.06293229594341854,2.961449510123968,4.593312459666593,0.48023261538461537,0.1911649163076923,-0.2890676990769231,2102.0,1115.3915882470044,6.893313201714285,285154.1191484676,142257.52986424253,142306.09424867923,590.4950355457595
NORMAL_2_X099,NORMAL_2.mat,X099,Healthy,0,8,48000,60000,0.06345349412459836,0.004026345916620438,0.06345349412459836,2.935930473593227,4.31004062350422,0.48127569230769224,0.2077885549230769,-0.27348713738461533,2102.0,1109.9793505231573,6.950402844257214,289896.90628445003,143992.07832448918,145352.2877239706,552.5402359902589
NORMAL_2_X099,NORMAL_2.mat,X099,Healthy,0,9,54000,66000,0.06367352152598735,0.0040543173435203745,0.06367352152598735,2.8613755979561493,4.060449417345868,0.4831532307692308,0.22461011738461537,-0.2585431133846154,2102.0,1107.3362400459575,6.974503635980058,291910.8495107626,149349.0732022092,141997.65138211427,564.1249264391453
NORMAL_2_X099,NORMAL_2.mat,X099,Healthy,0,10,60000,72000,0.06417207062875695,0.00411805464878217,0.06417207062875695,2.9729585659805178,4.312115651532844,0.5019286153846153,0.2252112252307692,-0.2767173901538461,2102.0,1097.3589536477325,7.029112403783018,296499.9355312827,156712.13849807344,139222.02564180532,565.7713914038898
NORMAL_2_X099,NORMAL_2.mat,X099,Healthy,0,11,66000,78000,0.06313945561291194,0.003986590855094877,0.06313945561291194,3.028806307087181,4.4782907543059425,0.4983821538461538,0.2156253135384615,-0.2827568403076923,2102.0,1117.0998408293833,6.916004525487918,287034.5426980127,148691.55102655324,137784.7742483003,558.217423159226
NORMAL_2_X099,NORMAL_2.mat,X099,Healthy,0,12,72000,84000,0.062500709361891,0.00390633867073957,0.062500709361891,2.9891945254883874,4.525099493920531,0.490872,0.20805007169230766,-0.2828219283076923,2102.0,1100.8759380924967,6.846039200633482,281256.38467239856,147243.9319062737,133455.30192953072,557.1508365940682
NORMAL_2_X099,NORMAL_2.mat,X099,Healthy,0,13,78000,90000,0.06315616378557214,0.003988701024110013,0.06315616378557214,2.973177393988485,4.004619283706222,0.45978830769230766,0.2068719163076923,-0.25291639138461536,2102.0,1109.159304381592,6.917834649325976,287186.4738487257,152883.87265952176,133701.28040538644,601.3207838175529
NORMAL_2_X099,NORMAL_2.mat,X099,Healthy,0,14,84000,96000,0.06322521208269927,0.003997427442902301,0.06322521208269927,2.9276674589063942,3.7313314163586577,0.44268184615384615,0.206767626,-0.23591422015384614,2102.0,1097.4531189538795,6.92539788094947,287814.7759925659,149378.39079602156,137837.1249501973,599.2602463470369
NORMAL_2_X099,NORMAL_2.mat,X099,Healthy,0,15,90000,102000,0.06382131691653319,0.004073160492960566,0.06382131691653319,2.9675874391899275,3.6929614501917882,0.47126215384615383,0.23557249076923076,-0.23568966307692307,2102.0,1107.6986866096997,6.990692491801873,293267.55887112545,148986.8602931823,143722.66102393804,558.0375540050222
NORMAL_2_X099,NORMAL_2.mat,X099,Healthy,0,16,96000,108000,0.06378706554824859,0.004068789731256562,0.06378706554824859,2.9375121303849507,3.999181844547847,0.4914978461538461,0.2364017716923077,-0.2550960744615384,2102.0,1092.0731959818722,6.986940715140606,292952.86068189406,148804.87098876265,143580.55228183162,567.4374112997767
NORMAL_2_X099,NORMAL_2.mat,X099,Healthy,0,17,102000,114000,0.06280314749893967,0.003944235335773573,0.06280314749893967,2.9048755593552014,4.060557511196986,0.4460196923076923,0.1910039,-0.2550157923076923,2102.0,1118.4035301669549,6.879166886937961,283984.94528712064,143734.18305497617,139645.64494650756,605.1172856369699
NORMAL_2_X099,NORMAL_2.mat,X099,Healthy,0,18,108000,120000,0.0629572828151803,0.003963619459470598,0.0629572828151803,2.93113921207538,3.6792705188962334,0.4568676923076923,0.23163687461538462,-0.22523081769230768,2102.0,1098.4764830689599,6.89605014453145,285380.60108294926,148760.594486418,136072.74397303403,547.2626234972206
NORMAL_2_X099,NORMAL_2.mat,X099,Healthy,0,19,114000,126000,0.06437595728278762,0.004144263876075298,0.06437595728278762,3.020980973663977,5.411971598739695,0.5778646153846153,0.3484008524615384,-0.2294637629230769,2102.0,1080.9942672862603,7.051445199626264,298386.99929939705,158394.55230436768,139473.77905459175,518.6679404375953
NORMAL_2_X099,NORMAL_2.mat,X099,Healthy,0,20,120000,132000,0.06371560651208762,0.004059678513203181,0.06371560651208762,3.0473905685455716,5.463806684438019,0.5910073846153846,0.34812975676923075,-0.24287762784615385,2102.0,1098.2649249944595,6.979113430128222,292296.85364784725,151794.89615437022,139972.23434150626,529.7231519706977
NORMAL_2_X099,NORMAL_2.mat,X099,Healthy,0,21,126000,138000,0.06232537204253175,0.003884452000239999,0.06232537204253175,2.8542090634163384,3.8961576080433487,0.4622916923076923,0.21946221984615386,-0.24282947246153846,2102.0,1104.3639122254813,6.826833563010449,279680.54463877267,143765.5302908306,135397.34961990852,517.6647280335119
NORMAL_2_X099,NORMAL_2.mat,X099,Healthy,0,22,132000,144000,0.06262004794149295,0.003921270404194876,0.06262004794149295,2.787273394542241,3.516358364765718,0.4314166153846154,0.2201945293846154,-0.211222086,2102.0,1114.7662378780287,6.8591110053722435,282331.4701078958,145342.6773650768,136440.43632655725,548.3564162616752
NORMAL_2_X099,NORMAL_2.mat,X099,Healthy,0,23,138000,150000,0.06330228087240866,0.004007178763649315,0.06330228087240866,2.927674521995924,4.288122021356919,0.46917600000000004,0.1977280953846154,-0.27144790461538465,2102.0,1090.2341705578974,6.9338396395506745,288516.8710141724,150199.8287540287,137765.43071250408,551.6115476395993
NORMAL_2_X099,NORMAL_2.mat,X099,Healthy,0,24,144000,156000,0.06384473384020024,0.0040761500391260095,0.06384473384020024,2.9472374906584804,4.261667595973807,0.46917600000000004,0.1970909666153846,-0.2720850333846154,2102.0,1088.6498678749385,6.9932574431237935,293482.8036445039,152730.5596398468,140196.28825792382,555.9557467332176
NORMAL_2_X099,NORMAL_2.mat,X099,Healthy,0,25,150000,162000,0.06324358714428696,0.003999751314877019,0.06324358714428696,2.9241341628995627,3.7396510622149126,0.44163876923076917,0.20512982138461539,-0.2365089478461538,2102.0,1099.356193372379,6.927410600102713,287982.094752115,143326.27441381666,144099.10883547374,556.7115028246004
NORMAL_2_X099,NORMAL_2.mat,X099,Healthy,0,26,156000,168000,0.06291005902508601,0.003957675526539806,0.06291005902508601,2.954154189660768,3.765959845238855,0.4645864615384615,0.2276697053846154,-0.2369167561538461,2102.0,1116.462800005115,6.890877472265707,284952.6382190119,136998.9089873117,147399.24620586395,554.4830258362597
NORMAL_2_X099,NORMAL_2.mat,X099,Healthy,0,27,162000,174000,0.06363574254693387,0.004049507729499649,0.06363574254693387,2.963279579700575,3.5926823354286306,0.4549901538461538,0.2263671456923077,-0.22862300815384615,2102.0,1107.8245220838116,6.970365492751418,291564.55661034083,143447.14305678784,147579.12284439558,538.2907091574381
NORMAL_2_X099,NORMAL_2.mat,X099,Healthy,0,28,168000,180000,0.0630526471838256,0.003975636316887989,0.0630526471838256,2.9758992653086134,3.728654025898073,0.44080430769230766,0.20570280092307688,-0.23510150676923078,2102.0,1099.6740192740485,6.9064959174028315,286245.814828469,143245.07773409423,142472.7338908398,528.0032035350021
NORMAL_2_X099,NORMAL_2.mat,X099,Healthy,0,29,174000,186000,0.06262811283676004,0.003922280517493947,0.06262811283676004,2.8635478779684314,3.766837812111522,0.44080430769230766,0.20489436415384613,-0.23590994353846154,2102.0,1099.7425743946242,6.859994384629573,282404.1972658528,144015.74542708526,137853.92244647216,534.5293922954256
NORMAL_2_X099,NORMAL_2.mat,X099,Healthy,0,30,180000,192000,0.06333660890391062,0.004011526027446929,0.06333660890391062,2.9087534560312864,3.8336048815221253,0.44768861538461535,0.20488108230769228,-0.24280753307692307,2102.0,1098.2309310229055,6.937599776275359,288829.8742253112,146857.9497777803,141441.95164276895,529.9728047620272
NORMAL_2_X099,NORMAL_2.mat,X099,Healthy,0,31,186000,198000,0.06417275510529111,0.004118142497803666,0.06417275510529111,3.0013076501783154,3.7796443087668905,0.4848221538461538,0.2422719652307692,-0.2425501886153846,2102.0,1098.5166754975992,7.029187368484663,296506.2598426473,149583.6196186269,146369.49510302715,553.1451209931935
NORMAL_2_X099,NORMAL_2.mat,X099,Healthy,0,32,192000,204000,0.06400971760657144,0.004097243948073022,0.06400971760657144,2.9633450163319224,3.848691900230591,0.4887858461538461,0.24243216446153842,-0.24635368169230767,2102.0,1106.4437333476899,7.011329014461523,295001.5660287289,149633.6528049137,144801.43608172727,566.4771420879565
NORMAL_2_X099,NORMAL_2.mat,X099,Healthy,0,33,198000,210000,0.06280109470229667,0.003943977495806835,0.06280109470229667,2.856920963886333,3.9021566607681417,0.4551987692307692,0.21013905923076923,-0.24505971,2102.0,1097.8050989218618,6.878942023726338,283966.380038095,147534.6100781123,135908.87240520347,522.8975547792406
NORMAL_2_X099,NORMAL_2.mat,X099,Healthy,0,34,204000,216000,0.06208680527174616,0.003854771388851727,0.06208680527174616,2.7829506182143064,3.6336788160681017,0.4297476923076923,0.20414418323076924,-0.22560350907692306,2102.0,1110.2054397319755,6.8007020854387585,277543.5426782014,145194.50017638106,131808.3815129124,540.6609889079808
NORMAL_2_X099,NORMAL_2.mat,X099,Healthy,0,35,210000,222000,0.06277094958643638,0.003940192111982937,0.06277094958643638,2.94832200003,4.0542098898934,0.47439138461538466,0.25448660461538464,-0.21990478,2102.0,1092.388042839235,6.875640062920572,283693.8320753053,145771.9144642472,137374.79966105707,547.1179500010185
NORMAL_2_X099,NORMAL_2.mat,X099,Healthy,0,36,216000,228000,0.0625224084206295,0.0039090515547160025,0.0625224084206295,3.005219747266877,4.085224462007943,0.47439138461538466,0.2554180723076923,-0.21897331230769232,2102.0,1115.3295149274006,6.848416048576008,281451.715048735,142693.265192155,138192.3614316433,566.0884249366787
NORMAL_2_X099,NORMAL_2.mat,X099,Healthy,0,37,222000,234000,0.06312073464957678,0.003984227142702282,0.06312073464957678,2.9354883459611134,4.588499322087652,0.5052664615384616,0.21563701338461536,-0.28962944815384617,2102.0,1097.320271440663,6.913953903985413,286864.3542771973,146496.1842726629,139805.67831128303,562.4916932512986
NORMAL_2_X099,NORMAL_2.mat,X099,Healthy,0,38,228000,240000,0.06479072052950942,0.004197837466732993,0.06479072052950942,3.053055176694576,5.228209977676539,0.5570030769230769,0.21826358538461538,-0.33873949153846156,2102.0,1085.7760540513332,7.096876462343516,302244.2987861143,159777.1626514254,141916.37442490982,550.761709779111
NORMAL_2_X099,NORMAL_2.mat,X099,Healthy,0,39,234000,246000,0.06458698516537582,0.004171478652752476,0.06458698516537582,3.022564054184121,5.251643001165609,0.5570030769230769,0.2178152883076923,-0.3391877886153846,2102.0,1096.8207406613496,7.074560229100069,300346.4640134216,155941.91477570968,143872.87168536067,531.6775523512232
NORMAL_2_X099,NORMAL_2.mat,X099,Healthy,0,40,240000,252000,0.06283689159511995,0.003948474945336855,0.06283689159511995,2.8792118452185655,3.584269445773981,0.42223753846153844,0.19701318784615385,-0.2252243506153846,2102.0,1101.3907044370928,6.882863049613015,284290.19636212883,143069.17907876376,140689.63118640965,531.3860969553897
NORMAL_2_X099,NORMAL_2.mat,X099,Healthy,0,41,246000,258000,0.06215817703774845,0.0038636389726560793,0.06215817703774845,2.8173929050494433,3.501420439064468,0.4136843076923077,0.19604239615384617,-0.21764191153846152,2102.0,1114.9950063975746,6.808519806231148,278182.00765300286,144475.37763630503,133124.57396003223,582.0560566655793
NORMAL_2_X099,NORMAL_2.mat,X099,Healthy,0,42,252000,264000,0.06255632360197946,0.003913293622595573,0.06255632360197946,2.8539980549648445,4.091164715344051,0.4514436923076923,0.19551546846153847,-0.2559282238461538,2102.0,1100.6090571714935,6.852130923794565,281757.1408791274,143023.78036948817,138171.98488371185,561.3756259273994
NORMAL_2_X099,NORMAL_2.mat,X099,Healthy,0,43,258000,270000,0.06376606208923763,0.004066110674368508,0.06376606208923763,2.855773937357028,4.015539077691412,0.45791076923076923,0.20185565507692307,-0.25605511415384613,2102.0,1107.2857522461338,6.984640099800785,292759.96913979447,147640.63195806998,144579.6004598731,539.7367218514119
NORMAL_2_X099,NORMAL_2.mat,X099,Healthy,0,44,264000,276000,0.06302736826504253,0.003972449150417291,0.06302736826504253,2.839975320892155,3.3857098472503653,0.41410153846153847,0.20070915707692308,-0.2133923813846154,2102.0,1095.738985365884,6.903726984184041,286016.33907917736,145683.39207575083,139786.7380167935,546.2089866329652
NORMAL_2_X099,NORMAL_2.mat,X099,Healthy,0,45,270000,282000,0.062390184208767525,0.0038925350856039444,0.062390184208767525,2.895020653436332,3.757847812125298,0.43120800000000004,0.1967551827692308,-0.23445281723076922,2102.0,1103.0274307265536,6.833932782024131,280262.52625261364,143951.05474889695,135743.08748616168,568.3840175550297
NORMAL_2_X099,NORMAL_2.mat,X099,Healthy,0,46,276000,288000,0.06339797085370882,0.004019302708367714,0.06339797085370882,2.919695167825996,3.6894101389708065,0.431208,0.19730688353846154,-0.23390111646153844,2102.0,1092.4925099021893,6.944321090535145,289389.7960461158,150980.30298108578,137853.62002401782,555.8730410122591
NORMAL_2_X099,NORMAL_2.mat,X099,Healthy,0,47,282000,294000,0.06312416374627439,0.003984660048666461,0.06312416374627439,2.905974667902564,3.8937964607131663,0.4428904615384615,0.1970978161538461,-0.2457926453846154,2102.0,1104.3589018236066,6.9143295132715075,286895.5236612025,144132.42399490482,142229.38599285748,533.7136734402005
NORMAL_2_X099,NORMAL_2.mat,X099,Healthy,0,48,288000,300000,0.06257512736775225,0.003915646565090417,0.06257512736775225,2.8885480704753244,3.908214997144251,0.4428904615384615,0.19833341030769228,-0.24455705123076923,2102.0,1102.0430856434339,6.85419060115063,281926.5527102067,139879.62573768862,141495.58464555338,551.3423269647923
NORMAL_2_X099,NORMAL_2.mat,X099,Healthy,0,49,294000,306000,0.06207208008013561,0.0038529431254747675,0.06207208008013561,2.930866630361111,3.551076741073202,0.4282873846153846,0.20786466476923077,-0.22042271984615386,2102.0,1142.6463715501002,6.799089208201818,277411.91198057967,142317.02495000314,134469.20921251818,625.677818058347
NORMAL_2_X099,NORMAL_2.mat,X099,Healthy,0,50,300000,312000,0.06326057148194955,0.004001899904222848,0.06326057148194955,2.919995997789466,4.046526174312025,0.4652123076923076,0.20922674938461536,-0.25598555830769226,2102.0,1095.5711987552233,6.929270986626889,288136.7932330612,148174.25777377462,139427.8933968932,534.6420623933764
NORMAL_2_X099,NORMAL_2.mat,X099,Healthy,0,51,306000,318000,0.0636502463766202,0.004051353863804453,0.0636502463766202,2.9112352697702453,4.039929444042988,0.4723052307692307,0.2151627263076923,-0.2571425044615384,2102.0,1127.2549242861185,6.971954221686638,291697.48216143413,145497.7754530073,145620.3397773897,579.3669310371358
NORMAL_2_X099,NORMAL_2.mat,X099,Healthy,0,52,312000,324000,0.06244105634656334,0.003898885517674698,0.06244105634656334,2.8875586063575045,3.594695374981392,0.43830092307692303,0.2138443466153846,-0.22445657646153844,2102.0,1113.1740476726497,6.839505080084785,280719.757272774,141083.33202517414,139084.07904698903,552.3462006108634
NORMAL_2_X099,NORMAL_2.mat,X099,Healthy,0,53,318000,330000,0.06222399256865017,0.0038718252511834314,0.06222399256865017,2.8369464892040517,3.7060364563548513,0.4314166153846154,0.20081223046153845,-0.23060438492307692,2102.0,1107.3893948108134,6.8157289168533435,278771.41816885315,140545.95403708977,137670.81903526786,554.6450964955316
NORMAL_2_X099,NORMAL_2.mat,X099,Healthy,0,54,324000,336000,0.06317680231667427,0.00399130835096014,0.06317680231667427,2.9330158899476837,3.6769227374790687,0.4337113846153846,0.2014151636923077,-0.2322962209230769,2102.0,1106.4053036360056,6.920095306459478,287374.2020219455,146329.62100352978,140479.7815119322,564.7995064834779
NORMAL_2_X099,NORMAL_2.mat,X099,Healthy,0,55,330000,342000,0.06414559165073586,0.004114656928222953,0.06414559165073586,3.0020976581381777,3.8127455612849652,0.4593710769230769,0.21480025707692307,-0.24457081984615384,2102.0,1083.1202937224405,7.0262120102802585,296255.29893565277,155132.05231974018,140589.38264328567,533.8639726269107
NORMAL_2_X099,NORMAL_2.mat,X099,Healthy,0,56,336000,348000,0.06264434097337539,0.003924313455988519,0.06264434097337539,2.9439690795774163,3.9146483494863697,0.4593710769230769,0.2141405109230769,-0.24523056599999998,2102.0,1114.6473825114201,6.861771971542853,282550.571451296,144531.31641370984,137486.57894262567,532.6760949605007
NORMAL_2_X099,NORMAL_2.mat,X099,Healthy,0,57,342000,354000,0.062060524456060355,0.003851508695761265,0.062060524456060355,2.8039483030323393,3.7569264997816445,0.46124861538461537,0.22809178646153844,-0.2331568289230769,2102.0,1112.1739403484646,6.797823387712924,277308.6272660314,143592.6815404187,133174.86966060847,541.0760650042462
NORMAL_2_X099,NORMAL_2.mat,X099,Healthy,0,58,348000,360000,0.06285839229694856,0.003951177482157083,0.06285839229694856,2.8218288233867046,3.640392019694969,0.45540738461538455,0.22882918969230767,-0.2265781949230769,2102.0,1104.3555697942747,6.885218136651553,284484.77896444214,148809.17472078407,135133.23489478204,542.3693488760846
NORMAL_2_X099,NORMAL_2.mat,X099,Healthy,0,59,354000,366000,0.06232773311619374,0.003884746315403474,0.06232773311619374,2.8257889568399577,3.4822500463856696,0.431208,0.21704075153846153,-0.21416724846153845,2102.0,1113.0328588134198,6.827092203221886,279701.73689570965,142498.99660945198,136663.51115802123,539.2291282364628
NORMAL_2_X099,NORMAL_2.mat,X099,Healthy,0,60,360000,372000,0.06239151333987169,0.003892700936839387,0.06239151333987169,2.8451503981372754,4.2014191249452555,0.4687587692307692,0.20662587184615383,-0.26213289738461537,2102.0,1107.3659816610914,6.834078367882943,280274.46745733183,142772.17718326315,136976.6077457967,525.6825282719856
NORMAL_2_X099,NORMAL_2.mat,X099,Healthy,0,61,366000,378000,0.06240840679425296,0.0038948092385969594,0.06240840679425296,2.9049688033800187,4.206931111303687,0.4687587692307692,0.20621090107692305,-0.2625478681538461,2102.0,1104.0396854205526,6.835928799758095,280426.26525472826,143169.22735026196,136739.00557923838,518.0323252278986
NORMAL_2_X099,NORMAL_2.mat,X099,Healthy,0,62,372000,384000,0.06262273000130762,0.003921606312816673,0.06262273000130762,2.898233370483694,3.7742533887354854,0.444768,0.20841394907692307,-0.23635405092307693,2102.0,1098.5046365861335,6.859404780287425,282355.65507291973,146248.7008783992,135565.44247423505,541.5117202854884
NORMAL_2_X099,NORMAL_2.mat,X099,Healthy,0,63,378000,390000,0.06290217960626156,0.003956684199218388,0.06290217960626156,2.934263605998465,4.115204082336909,0.4672984615384615,0.20844315523076923,-0.25885530630769227,2102.0,1096.9213347064,6.890014394485502,284881.2624356607,147379.1311953817,136955.70343476147,546.4278055175564
NORMAL_2_X099,NORMAL_2.mat,X099,Healthy,0,64,384000,396000,0.06250260533192953,0.003906575673278945,0.06250260533192953,2.8984526874737164,4.123204937623643,0.46250030769230766,0.20478925676923077,-0.2577110509230769,2102.0,1097.2443998534864,6.846246871990665,281273.4484896841,143964.76504823903,136792.1998439926,516.4835974524565
NORMAL_2_X099,NORMAL_2.mat,X099,Healthy,0,65,390000,402000,0.06229444302053499,0.00388059763123868,0.06229444302053499,2.8562113014425097,3.586508220689357,0.4282873846153846,0.20486785261538462,-0.22341953199999998,2102.0,1104.5094190933532,6.8234457406255915,279403.03006334446,143295.44027458655,135578.03200172147,529.5577870364893
NORMAL_2_X099,NORMAL_2.mat,X099,Healthy,0,66,396000,408000,0.0627160184309288,0.003933298967828602,0.0627160184309288,2.885007858356862,3.6236137824325447,0.4282873846153846,0.20102875584615384,-0.22725862876923075,2102.0,1093.2177170366383,6.869623157883603,283197.52571031544,146746.01639273937,135921.5752113011,529.9341062750419
NORMAL_2_X099,NORMAL_2.mat,X099,Healthy,0,67,402000,414000,0.06338391585855187,0.004017520789563983,0.06338391585855187,2.95132906083747,3.7119102202245426,0.46291753846153844,0.23527540507692307,-0.22764213338461536,2102.0,1105.436235654703,6.942781580836341,289261.49869128136,148440.33165125595,140289.8639146135,531.3031254118887
NORMAL_2_X099,NORMAL_2.mat,X099,Healthy,0,68,408000,420000,0.06381801572762592,0.00407273913141151,0.06381801572762592,2.938457584165803,3.6940258242485786,0.44956615384615384,0.23574539815384615,-0.21382075569230768,2102.0,1095.238345188506,6.990330854750125,293237.2174786886,148966.31322088288,143731.18233370103,539.721924104648
NORMAL_2_X099,NORMAL_2.mat,X099,Healthy,0,69,414000,426000,0.06294037656790438,0.003961491002509606,0.06294037656790438,2.924387873720958,3.71676212874098,0.45332123076923075,0.21938682276923077,-0.23393440799999998,2102.0,1103.7082083489229,6.894198318964664,285227.35273775243,148197.47638307893,136463.60271212974,566.273642543781
NORMAL_2_X099,NORMAL_2.mat,X099,Healthy,0,70,420000,432000,0.062491625191839525,0.0039052032191173526,0.062491625191839525,2.9690095621276598,3.956844203683949,0.4812756923076923,0.24726962492307691,-0.23400606738461538,2102.0,1106.5599751238308,6.845044163610728,281174.63224028953,146366.14713939477,134255.77788048267,552.7072204121027
NORMAL_2_X099,NORMAL_2.mat,X099,Healthy,0,71,426000,438000,0.06311302905755958,0.00398325443682036,0.06311302905755958,2.939230942672922,3.907576485971957,0.4693846153846154,0.2466189883076923,-0.22276562707692307,2102.0,1108.4167650748436,6.913109869436282,286794.31948945083,146180.01296256174,140069.04663761286,545.2598892762054
NORMAL_2_X099,NORMAL_2.mat,X099,Healthy,0,72,432000,444000,0.06315808535886912,0.003988943746198197,0.06315808535886912,2.92031129339987,4.037070088143938,0.46208307692307693,0.20710945969230768,-0.2549736172307692,2102.0,1100.6584464114442,6.918045128262385,287203.9497284462,143532.08439948878,143109.46369196795,562.4016369894227
NORMAL_2_X099,NORMAL_2.mat,X099,Healthy,0,73,438000,450000,0.0628967146975296,0.003955996719742436,0.0628967146975296,2.9461697551227517,4.033079078449488,0.4660467692307692,0.21237934507692308,-0.25366742415384613,2102.0,1114.0913479393448,6.88941579562427,284831.7640799881,142948.8953358998,141314.42814289973,568.440601188582
NORMAL_2_X099,NORMAL_2.mat,X099,Healthy,0,74,444000,456000,0.06282153264258283,0.0039465449635631,0.06282153264258283,2.9228509465627446,3.9695798969399467,0.46250030769230766,0.2131252146153846,-0.24937509307692307,2102.0,1110.1590615559346,6.881180699238448,284151.237541246,141816.26514155563,141782.62505045225,552.3473492381221
NORMAL_2_X099,NORMAL_2.mat,X099,Healthy,0,75,450000,462000,0.06374391302865147,0.004063286448204283,0.06374391302865147,2.995642033695902,4.012448286574587,0.4622916923076923,0.2065225376923077,-0.2557691546153846,2102.0,1108.8002490489805,6.982213991152331,292556.62462167843,147929.35478042648,144083.35229348033,543.9175477715987
NORMAL_2_X099,NORMAL_2.mat,X099,Healthy,0,76,456000,468000,0.06424814238847158,0.0041278238003693195,0.06424814238847158,3.0347386123492694,3.976498722797507,0.5025544615384615,0.24707180538461537,-0.25548265615384613,2102.0,1096.4815042761568,7.037444946110261,297203.3138485667,153495.99367476688,143150.69895962067,556.6212141791046
NORMAL_2_X099,NORMAL_2.mat,X099,Healthy,0,77,462000,474000,0.06433665806743287,0.004139205571285775,0.06433665806743287,2.942761503122481,3.8401745926795496,0.4735569230769231,0.2470639996923077,-0.22649292338461538,2102.0,1124.5195252794388,7.047140605654828,298022.80648593046,155113.3734289381,142294.74325515694,614.6898018354082
NORMAL_2_X099,NORMAL_2.mat,X099,Healthy,0,78,468000,480000,0.06339424821291453,0.004018830706480617,0.06339424821291453,2.942401058548296,3.569533170936562,0.4514436923076923,0.22515582046153845,-0.22628787184615384,2102.0,1107.1013246105065,6.943913318033562,289355.81094235164,146590.27409206814,142182.18048690952,583.3563633739411
OR007@6_0_X130,OR007@6_0.mat,X130,Outer Race,3,0,0,12000,0.6755668051287351,0.45639050819184634,0.6755668051287351,7.623116988302507,5.201354354431894,6.760144011976047,3.5138623435711906,-3.246281668404857,3445.0,3204.7738591864363,73.99847123610557,32860118.245429747,215136.73052180448,8351924.875314512,24293056.63959343
OR007@6_0_X130,OR007@6_0.mat,X130,Outer Race,3,1,6000,18000,0.6610823069817465,0.4370298166043081,0.6610823069817465,7.550152528762258,5.2338903228334965,6.704916067864271,3.46003228911344,-3.2448837787508316,3337.0,3205.3479983227157,72.41190490930683,31466147.31953956,209534.7973020531,8046190.261217565,23210422.261019938
OR007@6_0_X130,OR007@6_0.mat,X130,Outer Race,3,2,12000,24000,0.6459745079041898,0.4172830648620601,0.6459745079041898,7.449053964306376,5.164971568617372,6.373142315369261,3.336439967381903,-3.0367023479873585,3444.0,3238.02329118555,70.75706817882926,30044382.74627821,197770.34883218986,7640702.711422813,22205909.68602321
OR007@6_0_X130,OR007@6_0.mat,X130,Outer Race,3,3,18000,30000,0.648801641885187,0.4209435705129144,0.648801641885187,7.593331262078348,5.08786056813567,6.511212175648702,3.301012290294411,-3.2101998853542915,3444.0,3214.0656008355486,71.0667369417517,30307937.078388356,197687.68285343668,7658019.99924612,22452229.3962888
OR007@6_0_X130,OR007@6_0.mat,X130,Outer Race,3,4,24000,36000,0.6741144159388904,0.4544302457766313,0.6741144159388904,7.666301335590985,4.911073691998942,6.613140219560878,3.3025146460412507,-3.3106255735196277,3337.0,3208.4798979725165,73.83938142545841,32718977.75001529,185115.00286270503,8260972.852952962,24272889.894199625
OR007@6_0_X130,OR007@6_0.mat,X130,Outer Race,3,5,30000,42000,0.6938930938697355,0.48148762572011355,0.6938930938697355,7.600894165046011,4.899443303194476,6.708976946107785,3.399689871897871,-3.3092870742099136,3445.0,3205.8287785874886,76.00584738068117,34667109.905168444,159966.04031211694,8755117.710837077,25752026.15401925
OR007@6_0_X130,OR007@6_0.mat,X130,Outer Race,3,6,36000,48000,0.6936830623616004,0.481196191007368,0.6936830623616004,7.619891854926836,4.95739903363548,6.700855189620759,3.4388637430056552,-3.261991446615103,3445.0,3200.5733555678817,75.98284060907604,34646125.79421255,156265.3315003891,8799235.91190235,25690624.550809808
OR007@6_0_X130,OR007@6_0.mat,X130,Outer Race,3,7,42000,54000,0.6807260507031989,0.4633879561059741,0.6807260507031989,7.564546689274329,5.052488770281966,6.651312475049901,3.439360726821357,-3.211951748228543,3337.0,3212.591130949076,74.56359018794998,33363933.619281024,171581.57794722664,8497530.351861209,24694821.689472586
OR007@6_0_X130,OR007@6_0.mat,X130,Outer Race,3,8,48000,60000,0.6647010263236086,0.4418274543956586,0.6647010263236086,7.4629401745701776,4.9299897574125895,6.458420758483034,3.2769692515219564,-3.1814515069610776,3337.0,3212.6247076268073,72.80828212276273,31811576.719952535,194590.96100609796,8087657.008521047,23529328.750425387
OR007@6_0_X130,OR007@6_0.mat,X130,Outer Race,3,9,54000,66000,0.6552241021651737,0.429318624058158,0.6552241021651737,7.4544092888652465,5.2559070828326115,6.624510678642714,3.443796999417831,-3.1807136792248834,3444.0,3224.7752382641374,71.77022361079877,30910940.947861485,212709.2408375496,7857667.049126495,22840564.65789744
OR007@6_0_X130,OR007@6_0.mat,X130,Outer Race,3,10,60000,72000,0.6542140589615864,0.427996034942994,0.6542140589615864,7.589412718336624,5.265797489073846,6.624104590818364,3.444958749001996,-3.1791458418163674,3444.0,3215.4822469775186,71.65958817730191,30815714.563020788,189332.95337727445,7827918.165321755,22798463.44432176
OR007@6_0_X130,OR007@6_0.mat,X130,Outer Race,3,11,66000,78000,0.6611525782052446,0.43712273166744214,0.6611525782052446,7.739081373933602,5.18723435483135,6.749585728542915,3.320032361086161,-3.4295533674567533,3337.0,3205.928805357504,72.41960184771297,31472836.98941941,156273.34263395763,7925248.053621197,23391315.593164254
OR007@6_0_X130,OR007@6_0.mat,X130,Outer Race,3,12,72000,84000,0.6766318995885022,0.45783072754074494,0.6766318995885022,7.830862766044937,5.336577771848829,7.039126347305389,3.610898755073187,-3.4282275922322025,3445.0,3203.3292899968437,74.1151349970762,32963812.467044607,145537.61973296836,8289699.680562423,24528575.166749217
OR007@6_0_X130,OR007@6_0.mat,X130,Outer Race,3,13,78000,90000,0.6918533969421773,0.47866112286043,0.6918533969421773,7.756136386629241,5.220980840052937,6.876285129740519,3.612153329565868,-3.264131800174651,3445.0,3179.354784570291,75.78242763966978,34463601.01010968,165007.8663231029,8722871.710853394,25575721.43293318
OR007@6_0_X130,OR007@6_0.mat,X130,Outer Race,3,14,84000,96000,0.6893690011473828,0.47522961974294026,0.6893690011473828,7.574140171690618,4.949814698651511,6.67608383233533,3.4122488146789753,-3.263835017656354,3445.0,3213.2604687385888,75.51029822747947,34216532.63555573,162541.51281623196,8646635.220677782,25407355.902061716
OR007@6_0_X130,OR007@6_0.mat,X130,Outer Race,3,15,90000,102000,0.6691198775966913,0.4477214105950112,0.6691198775966913,7.535369614459418,4.974701880536948,6.476694710578842,3.328671913389887,-3.1480227971889554,3445.0,3225.5920304468464,73.2923027414211,32235941.60848187,164899.98701056826,8177580.081246399,23893461.540224902
OR007@6_0_X130,OR007@6_0.mat,X130,Outer Race,3,16,96000,108000,0.650975701899598,0.4237693644636742,0.650975701899598,7.702112922794631,5.170831031190237,6.5262374251497,3.366085359938457,-3.160152065211244,3445.0,3233.856610153501,71.30487375300903,30511394.510616273,200181.66514803475,7719766.827077177,22591446.018391058
OR007@6_0_X130,OR007@6_0.mat,X130,Outer Race,3,17,102000,114000,0.6491188671925676,0.4213553037453623,0.6491188671925676,7.807523868414337,5.220099065841373,6.61679500998004,3.3884647922571522,-3.2283302177228874,3337.0,3217.1480152978484,71.10148435731361,30337581.88795768,197972.74151414185,7656395.330561759,22483213.81588178
OR007@6_0_X130,OR007@6_0.mat,X130,Outer Race,3,18,108000,120000,0.6613353067363049,0.43736438793600246,0.6613353067363049,7.87340138464923,5.124071185598329,6.61679500998004,3.388729189271457,-3.228065820708583,3349.0,3213.1816429797145,72.4396172491108,31490236.381333217,153136.6536648271,7992780.4183451375,23344319.30932325
B007_2_X120,B007_2.mat,X120,Ball,1,0,0,12000,0.1442491586792392,0.02080781977966833,0.1442491586792392,2.724917606363735,3.430188165046153,0.9658392814371257,0.4948017569228211,-0.4710375245143047,3432.0,2749.4470542805343,15.800387058289685,1498163.039381801,62727.96645775231,261592.6248755353,1173842.4480485134
B007_2_X120,B007_2.mat,X120,Ball,1,1,6000,18000,0.14675873545350432,0.021538126431911664,0.14675873545350432,2.716354125200006,3.372159180166963,0.9820827944111776,0.4948938170326015,-0.4871889773785762,3432.0,2759.120282771317,16.075274551075456,1550745.1258066176,63162.862100509315,274658.2975861955,1212923.9661199127
B007_2_X120,B007_2.mat,X120,Ball,1,2,12000,24000,0.14746491741857298,0.021745901869266553,0.14746491741857298,2.8111748683753133,3.875841431449724,1.124863273453094,0.5533126368330007,-0.5715506366200931,3432.0,2738.9711727305057,16.152626346049917,1565704.9345885103,64006.764591676125,273083.92072993686,1228614.2492668973
B007_2_X120,B007_2.mat,X120,Ball,1,3,18000,30000,0.1471424773336964,0.021650908635897356,0.1471424773336964,2.8326002944120257,3.8844240676282658,1.124863273453094,0.5532994931237525,-0.5715637803293413,3432.0,2748.164176168656,16.117307769631342,1558865.4260558542,63802.735827597644,269894.7148937187,1225167.9753345377
B007_2_X120,B007_2.mat,X120,Ball,1,4,24000,36000,0.14650775749624256,0.021464523006577817,0.14650775749624256,2.7776162638019937,3.7372829981687725,1.084579361277445,0.5475409511942781,-0.537038410083167,3432.0,2757.373726859064,16.047783523311434,1545445.6674224064,62283.74998610199,267098.0321513517,1216063.8852849526
B007_2_X120,B007_2.mat,X120,Ball,1,5,30000,42000,0.14856327566260688,0.022071046875603722,0.14856327566260688,2.8037649607630613,3.6854339911107314,1.084579361277445,0.5475201459614105,-0.5370592153160346,3432.0,2759.6083286610315,16.27293544902384,1589115.3771967087,60921.31242112531,262639.7617588944,1265554.303016689
B007_2_X120,B007_2.mat,X120,Ball,1,6,36000,48000,0.1501792257131905,0.022553799835813418,0.1501792257131905,2.7943087137684843,3.4888332805699185,1.0351990818363275,0.5112488011144379,-0.5239502807218895,3432.0,2775.676724374599,16.44993928213308,1623873.6148175758,60556.91263020599,263019.7283754556,1300296.9738119142
B007_2_X120,B007_2.mat,X120,Ball,1,7,42000,54000,0.1500465561173595,0.022513969002679914,0.1500465561173595,2.82814152713707,3.6265303202982313,1.0702850698602795,0.5441483852195609,-0.5261366846407186,3432.0,2761.327567511889,16.43540728277069,1621005.797915862,61371.43181050036,262944.02641830704,1296690.3396870545
B007_2_X120,B007_2.mat,X120,Ball,1,8,48000,60000,0.14954225914815972,0.022362887271135362,0.14954225914815972,2.88053976447108,3.6392568151075326,1.079219001996008,0.5442226857551563,-0.5349963162408516,3432.0,2770.190896177359,16.38016898256973,1610127.9253211345,62949.58712735314,275120.17937644664,1272058.1588173348
B007_2_X120,B007_2.mat,X120,Ball,1,9,54000,66000,0.1481557411588909,0.02195012363834028,0.1481557411588909,2.887747336551568,4.04870564241091,1.1349342514970058,0.5998389851896206,-0.5350952663073852,3432.0,2751.8768691065566,16.22829599568364,1580408.9031320538,62478.58281317629,268899.5609438364,1249030.7593750411
B007_2_X120,B007_2.mat,X120,Ball,1,10,60000,72000,0.14707409543451058,0.021630789547879524,0.14707409543451058,2.896182620616381,4.0783459826918005,1.1341220758483033,0.5998190462774451,-0.5343030295708583,3432.0,2740.0807181725763,16.10981751014698,1557416.8474816391,63257.89713400707,267525.0994227896,1226633.8509248425
B007_2_X120,B007_2.mat,X120,Ball,1,11,66000,78000,0.14564710266249642,0.021213078513979768,0.14564710266249642,2.8553756616624417,3.75763247837771,1.0428335329341318,0.5472882833499668,-0.495545249584165,3432.0,2760.1301511676656,15.953511590793548,1527341.7069975822,64256.8682010474,264525.0974600063,1198559.7413365284
B007_2_X120,B007_2.mat,X120,Ball,1,12,72000,84000,0.14754378419269276,0.021769168253899896,0.14754378419269276,2.8421830666510624,3.7100609901345645,1.0490060678642714,0.5473964380738523,-0.5016096297904191,3432.0,2759.054851766807,16.161265148830427,1567380.1337560168,63448.529327110096,265518.84457102156,1238412.7598578853
B007_2_X120,B007_2.mat,X120,Ball,1,13,78000,90000,0.1500062793874635,0.022501883855669754,0.1500062793874635,2.8790534641911507,3.7547769284874675,1.070772375249501,0.5632401169760479,-0.507532258273453,3432.0,2745.5485878734517,16.43099545647053,1620135.6477550222,64951.930991057336,278745.2278476972,1276438.4889162676
B007_2_X120,B007_2.mat,X120,Ball,1,14,84000,96000,0.1479792015526176,0.021897844092150218,0.1479792015526176,2.8436153978220107,3.8073613651904394,1.0818179640718564,0.5634102948469727,-0.5184076692248837,3432.0,2735.369090527268,16.208958658855934,1576644.7751678086,64460.179168383045,282010.85887542315,1230173.7371240025
B007_2_X120,B007_2.mat,X120,Ball,1,15,90000,102000,0.1450333515534341,0.021034673062822012,0.1450333515534341,2.8370728798332543,3.6423768899512905,1.0483563273453094,0.5200901993712574,-0.5282661279740519,3432.0,2745.597102394752,15.886283928410123,1514496.4763414245,63070.232955286105,275368.9115700254,1176057.331816113
B007_2_X120,B007_2.mat,X120,Ball,1,16,96000,108000,0.14566050160841143,0.021216981728814033,0.14566050160841143,2.9082702487709855,3.837256148556433,1.1040715768463074,0.5451349214437791,-0.5589366554025282,3432.0,2749.3437195235324,15.95497906604966,1527622.7033454953,65203.74069335753,273476.13918210217,1188942.8234700356
B007_2_X120,B007_2.mat,X120,Ball,1,17,102000,114000,0.14517764932215502,0.021076549862706614,0.14517764932215502,2.9052828862930316,3.8507152265750944,1.1040715768463074,0.5450337920392548,-0.5590377848070525,3432.0,2742.8378557604346,15.90208967286589,1517511.6122391718,65144.553078108205,278375.91593263,1173991.1432284336
B007_2_X120,B007_2.mat,X120,Ball,1,18,108000,120000,0.14504175458611965,0.02103711057342016,0.14504175458611965,2.844266907767441,3.581953007652367,1.0329249900199602,0.5195327490785098,-0.5133922409414503,3432.0,2745.088124833257,15.88720440188928,1514671.985508168,65594.12963119375,277002.8269392897,1172075.0289376848
B007_0_X118,B007_0.mat,X118,Ball,1,0,0,12000,0.13742061759945678,0.018884426141416135,0.13742061759945678,2.964991431839847,3.898290349458709,1.0462446706586825,0.5105392032501662,-0.5357054674085163,3365.0,2746.2644896434617,15.052420129611482,1359678.6859017562,89774.3309077362,303574.7230972145,966329.6318968054
B007_0_X118,B007_0.mat,X118,Ball,1,1,6000,18000,0.13772189665481946,0.01896732081820077,0.13772189665481946,3.0097931580158344,3.8881074347307227,1.0462446706586825,0.5107671403459746,-0.535477530312708,3356.0,2755.533694376751,15.085420846489152,1365647.1026162524,93353.76725687282,294943.00490734336,977350.3304520362
B007_0_X118,B007_0.mat,X118,Ball,1,2,12000,24000,0.1362675961242987,0.018568857753494986,0.1362675961242987,2.9403907964725664,4.203999400745336,1.070122634730539,0.49725374227877583,-0.5728688924517632,3263.0,2752.9469107971418,14.926123459564623,1336957.7583425227,92910.40323399847,295842.4890024415,948204.8661060826
B007_0_X118,B007_0.mat,X118,Ball,1,3,18000,30000,0.13821029202468546,0.01910208482154883,0.13821029202468546,2.9186038823618774,4.142655595896236,1.1250257085828346,0.5524680689121757,-0.5725576396706588,3263.0,2766.913858061072,15.138917444658333,1375350.1151984783,81404.26568319644,318355.68722797406,975590.1622873078
B007_0_X118,B007_0.mat,X118,Ball,1,4,24000,36000,0.13961381729079775,0.019492017978508254,0.13961381729079775,2.973713823034663,4.140775466034343,1.048193892215569,0.5781094693612775,-0.4700844228542914,3446.0,2766.516907069557,15.292653093423063,1403425.2970533276,78470.9554321166,336416.51485299936,988537.8267682116
B007_0_X118,B007_0.mat,X118,Ball,1,5,30000,42000,0.13839318683944798,0.019152674163578357,0.13839318683944798,2.986228901112183,4.180054156941361,1.0676861077844313,0.5784910159447771,-0.48919509183965404,3446.0,2761.970490152843,15.158950854145852,1378992.539781454,79064.24279838221,338365.13117338746,961563.1658096844
B007_0_X118,B007_0.mat,X118,Ball,1,6,36000,48000,0.1380758582486351,0.01906494263109718,0.1380758582486351,2.8791461862156424,3.541507229830647,0.9710372055888223,0.48204055533266804,-0.48899665025615435,3263.0,2769.551302027918,15.124192152493203,1372675.8707814876,82072.54302012555,326697.40305962553,963905.9247017364
B007_0_X118,B007_0.mat,X118,Ball,1,7,42000,54000,0.13699132557566246,0.018766623282977152,0.13699132557566246,2.9785231970244537,4.524667940175211,1.1456549700598804,0.5258147111410513,-0.619840258918829,3446.0,2773.4960757504946,15.005397475161251,1351196.8822788415,83898.15709412341,306990.2159870214,960308.5091976966
B007_0_X118,B007_0.mat,X118,Ball,1,8,48000,60000,0.1377131545786874,0.018964912944013455,0.1377131545786874,3.024709750996464,4.4975013276394105,1.1456549700598804,0.5262898745043247,-0.6193650955555555,3446.0,2760.8188556652685,15.084463309555758,1365473.7410573405,84189.19023140069,300558.95835120336,980725.5924747365
B007_0_X118,B007_0.mat,X118,Ball,1,9,54000,66000,0.13806035701886976,0.01906066218017778,0.13806035701886976,2.914055928803756,4.06842041891439,1.0348742115768463,0.4731866360345975,-0.5616875755422488,3231.0,2745.199034303966,15.122494213172018,1372367.6771957546,80449.10885718145,319514.5884285296,972403.9799100435
B007_0_X118,B007_0.mat,X118,Ball,1,10,60000,72000,0.1352659384080108,0.018296874093399768,0.1352659384080108,2.9231477494604663,4.3699137901232,1.0493309381237526,0.4582304485362608,-0.5911004895874917,3231.0,2752.4020307578526,14.816406497399907,1317374.9348786613,73463.7687886305,308614.28052265075,935296.8855673801
B007_0_X118,B007_0.mat,X118,Ball,1,11,66000,78000,0.13605685869129233,0.01851146879694229,0.13605685869129233,2.9099183215834246,4.343180703981487,1.0896148502994012,0.49869532698270125,-0.5909195233167,3231.0,2754.631395504095,14.903040265521902,1332825.7555437586,75742.76973367576,293934.2655357784,963148.7202743044
B007_0_X118,B007_0.mat,X118,Ball,1,12,72000,84000,0.13716089249240845,0.018813110429314026,0.13716089249240845,2.9801944044040165,3.677867543583838,0.9931283832335329,0.5044595947504991,-0.4886687884830339,3447.0,2760.1365558892135,15.023971136966312,1354543.9720551053,72801.4181547015,314579.71173953096,967162.8421608729
B007_0_X118,B007_0.mat,X118,Ball,1,13,78000,90000,0.1378868201851951,0.019012775180784324,0.1378868201851951,3.0039379096172074,3.8279836057789765,1.0410467465069861,0.5278284871257485,-0.5132182593812376,3446.0,2777.5277561224507,15.103485872188084,1368919.8282338018,72969.94689267213,305520.53094543767,990429.350395692
B007_0_X118,B007_0.mat,X118,Ball,1,14,84000,96000,0.13993355240802102,0.019581399089528363,0.13993355240802102,2.9055931482256505,3.8765485434368063,1.07044750499002,0.5279882962208915,-0.5424592087691285,3446.0,2780.1931521603055,15.327675461520009,1409860.7479571493,73356.5808756674,281008.0826680521,1055496.0844134297
B007_0_X118,B007_0.mat,X118,Ball,1,15,90000,102000,0.13981553560368376,0.019548383996144964,0.13981553560368376,2.9698398522075435,4.0680811272275585,1.1235637924151696,0.5547828507285428,-0.5687809416866267,3446.0,2777.1186250885908,15.314748436197497,1407483.6595037463,75150.96159452677,277620.55949240597,1054712.1384168135
B007_0_X118,B007_0.mat,X118,Ball,1,16,96000,108000,0.14282342764816344,0.020398531485170176,0.14282342764816344,3.0641016095857436,3.9832811549316585,1.1235637924151696,0.5546579245775116,-0.568905867837658,3364.0,2772.5106212017336,15.644218992599304,1468694.2689183173,71182.4533203521,298387.73396862147,1099124.0816293436
B007_0_X118,B007_0.mat,X118,Ball,1,17,102000,114000,0.1439964755857402,0.020734984981114674,0.1439964755857402,3.016419543278062,3.7988345735861753,1.0774322155688623,0.5470187899334663,-0.530413425635396,3263.0,2793.069624493826,15.772709347126142,1492918.939253671,65980.80688941298,315425.870923596,1111512.2614406622
B007_0_X118,B007_0.mat,X118,Ball,1,18,108000,120000,0.14080163536410423,0.019825100521206167,0.14080163536410423,3.038904873429875,3.7867159431012083,1.0155444311377246,0.48236863368596145,-0.5331757974517631,3446.0,2770.8852926534723,15.422761188037583,1427407.237542094,69298.94000353268,317491.0410555659,1040617.2564829955
OR007@6_2_X132,OR007@6_2.mat,X132,Outer Race,3,0,0,12000,0.5621312982201343,0.3159915964386536,0.5621312982201343,7.824408694985819,5.202397635195958,5.649493812375249,2.924430536535263,-2.725063275839987,2833.0,3207.894033729928,61.5732675883461,22751394.95631794,152074.41232667136,6257153.74652879,16342166.797462476
OR007@6_2_X132,OR007@6_2.mat,X132,Outer Race,3,1,6000,18000,0.5603129534692449,0.3139506058254283,0.5603129534692449,7.895694277906612,5.218958040326771,5.805025449101796,2.9242497936127747,-2.880775655489022,2833.0,3215.103824356636,61.37409457339745,22604443.68771071,149710.98040084395,6224875.220281768,16229857.487028096
OR007@6_2_X132,OR007@6_2.mat,X132,Outer Race,3,2,12000,24000,0.56693066892988,0.32141038337328115,0.56693066892988,7.837671093503337,5.258539649263341,5.861877744510979,2.9812274009564206,-2.880650343554558,2833.0,3220.8456460945395,62.09896848454709,23141547.602955483,143095.70595060926,6356244.016582303,16642207.88042257
OR007@6_2_X132,OR007@6_2.mat,X132,Outer Race,3,3,18000,30000,0.5600197606816961,0.3136221323539842,0.5600197606816961,7.856498984186757,5.32416719004523,5.679950399201597,2.9816388356037926,-2.6983115635978043,2833.0,3212.703117276306,61.34197950354964,22580793.534932837,142292.45142620988,6201488.032026309,16237013.05148032
OR007@6_2_X132,OR007@6_2.mat,X132,Outer Race,3,4,24000,36000,0.5635807114819609,0.31762321835451324,0.5635807114819609,7.8616505629020255,5.4754902067127675,6.020658083832336,2.9347774174151695,-3.085880666417166,3462.0,3219.1544139164744,61.73202961651816,22868871.72692863,149184.33396838338,6224121.217033063,16495566.175927183
OR007@6_2_X132,OR007@6_2.mat,X132,Outer Race,3,5,30000,42000,0.5724898716368716,0.32774465312680173,0.5724898716368716,7.769155145053979,5.390053180937099,6.020658083832336,2.934907230156354,-3.0857508536759815,2833.0,3210.4251309386887,62.70789790554769,23597615.038855284,148704.56425927236,6453267.449106086,16995643.025489926
OR007@6_2_X132,OR007@6_2.mat,X132,Outer Race,3,6,36000,48000,0.5718374390358214,0.32699805668304677,0.5718374390358214,7.77486972846714,4.995129737222794,5.596702395209581,2.856402196590153,-2.7403001986194275,3462.0,3219.2241413165266,62.63643410753164,23543860.589120626,141554.92078410333,6429119.253015532,16973186.41532099
OR007@6_2_X132,OR007@6_2.mat,X132,Outer Race,3,7,42000,54000,0.5715517297347648,0.32667137976280153,0.5715517297347648,7.876429974294029,5.087519132852729,5.649087724550899,2.9077803604457753,-2.7413073641051233,2833.0,3236.3194105991747,62.605138174549346,23520339.358452346,141993.80587879513,6464934.182769666,16913411.369803883
OR007@6_2_X132,OR007@6_2.mat,X132,Outer Race,3,8,48000,60000,0.5715020595938141,0.32661460411997145,0.5715020595938141,7.909495139600341,5.239270389729717,5.8021828343313375,2.9942538185046574,-2.80792901582668,2833.0,3232.8255182352805,62.59969932936932,23516252.85912078,141945.13419615032,6598477.684363987,16775830.040560642
OR007@6_2_X132,OR007@6_2.mat,X132,Outer Race,3,9,54000,66000,0.5712187249410153,0.3262908317232393,0.5712187249410153,7.796276594072358,5.261792132606721,5.853349900199601,3.0056341928975385,-2.8477157073020622,2833.0,3218.85782805855,62.56866235060471,23492939.88757222,141507.1107081395,6589368.413769117,16762064.363094969
OR007@6_2_X132,OR007@6_2.mat,X132,Outer Race,3,10,60000,72000,0.5670377149967324,0.3215317702287155,0.5670377149967324,7.849895323375311,5.300866534734161,5.853349900199601,3.0057912473636064,-2.8475586528359944,2833.0,3203.19052024244,62.110694217874254,23150287.755693898,154808.74247875472,6505652.026453456,16489826.98676169
OR007@6_2_X132,OR007@6_2.mat,X132,Outer Race,3,11,66000,78000,0.569165214424094,0.3239490413104248,0.569165214424094,7.903567043448991,5.121659775669198,5.724620059880239,2.9150705844311378,-2.809549475449102,2833.0,3216.8416399440202,62.343730287384616,23324330.977583095,151044.4964202465,6622043.36094932,16551243.120213531
OR007@6_2_X132,OR007@6_2.mat,X132,Outer Race,3,12,72000,84000,0.5689098206185101,0.3236583839961854,0.5689098206185101,7.982553018479282,5.275924083671277,5.823705489021956,3.0015250240435796,-2.822180464978376,2833.0,3203.0024722080266,62.31575569666906,23303403.701689698,150565.31438327074,6640086.770580318,16512751.616726108
OR007@6_2_X132,OR007@6_2.mat,X132,Outer Race,3,13,78000,90000,0.5723894227810632,0.3276296513116387,0.5723894227810632,7.9201895242528355,5.24414567631332,5.823705489021956,3.0016935166500334,-2.8220119723719224,2833.0,3211.427576173003,62.69689518984771,23589334.899346936,151900.18405260058,6709211.0351222325,16728223.6801721
OR007@6_2_X132,OR007@6_2.mat,X132,Outer Race,3,14,84000,96000,0.5769059072840487,0.3328204258592314,0.5769059072840487,7.792667091749737,5.368899795913919,6.031216367265469,3.0973500078842315,-2.9338663593812377,3357.0,3210.6304688307127,63.191610059080745,23963070.670735348,149842.97425185342,6798497.721437982,17014729.975045513
OR007@6_2_X132,OR007@6_2.mat,X132,Outer Race,3,15,90000,102000,0.5758507340125181,0.3316040678627558,0.5758507340125181,7.837577077063672,5.37853605371121,6.031216367265469,3.0972339344477713,-2.933982432817698,3357.0,3206.6921986389684,63.07603127360754,23875492.91309593,145617.82859114907,6771072.58052349,16958802.50398129
OR007@6_2_X132,OR007@6_2.mat,X132,Outer Race,3,16,96000,108000,0.5776418431416401,0.33367009894807115,0.5776418431416401,7.855091185929519,5.204619961423395,5.8907099800399205,3.0064062673735865,-2.884303712666334,2833.0,3218.8761436064683,63.272221096583266,24024247.148931995,143991.96788682323,6769567.595815566,17110687.585229605
OR007@6_2_X132,OR007@6_2.mat,X132,Outer Race,3,17,102000,114000,0.5782180513331507,0.3343361148875061,0.5782180513331507,7.824529716792163,5.234138155860199,5.910608283433135,3.0264731648952097,-2.8841351185379245,2833.0,3198.3542693205545,63.33533625297617,24072200.27448362,149970.9607856272,6827651.362208207,17094577.951489784
OR007@6_2_X132,OR007@6_2.mat,X132,Outer Race,3,18,108000,120000,0.5738713451857739,0.3293283208253296,0.5738713451857739,7.838223816995846,5.273731432427205,5.902486526946108,3.026443351280772,-2.8760431756653357,2833.0,3205.7353898911565,62.85921814290298,23711639.11452792,152626.28325344034,6715550.743494088,16843462.08778039
